listing_id,id,date,reviewer_id,reviewer_name,comments
804113931197614174,1007773538854901883,2023-10-22,10731835,Tomas,Marvelous......
720867916237978201,917233335535368331,2023-06-19,481368435,Alina,"It's a cozy ground-floor apartment with a local vibe to it located in a quiet part of Kadikoy. You will find quite a few vibrant murals and nice cafes around.<br/>We got very useful advice about the area and Istanbul in general from ƒ∞nan√ß, who is the best host I've ever met! We would definitely book the place again for our next visit and highly recommend it to others:)"
53142024,1117248644868828576,2024-03-21,565855355,Serta√ß,g√ºzeldi
551396997136493394,577243924337843507,2022-03-07,145894668,Jasper,Decent listing. Great communication by host. Very busy transient building.
541629,289042011,2018-07-11,42132508,Amer,Positives: the location was good. <br/>The neighborhood is authentic and close to main attractions and metro station. <br/>N√©gative: there was no air conditioning even though that was listed as one of the features. The house is different  from the pictures and not very clean. <br/>The house had a lot of potential but needs improvement.
2211837,906365409789025285,2023-06-04,7611521,Mateusz,"The apartment has everything you need to live. It's located near Taksim square, public transport is just around the corner, so getting to anywhere in Istanbul is quite easy.<br/>The hosts are very nice and helpful.<br/>I recommend this place as well as the hosts."
673673885972082250,757753156094128820,2022-11-11,23647705,Adam,"I was due to stay in Toygar's place for four nights but sadly my trip got cut short after an unexpected injury meant I had to go home early.<br/>Toygar was very understanding and actually refunded my stay when he didn't have to, which was very kind. <br/>The flat itself was lovely. It had great views from the front room, it was clean, very big and had lots of space. It was also in a perfect spot only five minutes walk from the boats into Istanbul. Thanks a lot for everything Toygar!"
765522531632128721,967165672737474364,2023-08-27,38282746,KhaDija,"pour commencer l'accueil √©tait tr√®s chaleureuc EBRU et son mari √©taient la malgr√© notre arriv√©e tardive 2h du matin en plus elle √©tait en contact en permenence avec nous depuis l'a√©roport via la loocalisatuon du GPS et parfois elle parlait au chauffeur du taxi pour lui indiquer la position.l'appartement est agr√©able et ressemble parfaitement aux photos ( tr√®s bien √©quip√© TV smart avec Netflix unn agr√©able salon lits confortables climatisation ... )nous n'avons m√™me pas eu besoin de l'appeler durant les 23 jours de notre s√©jour du 04 au 27 aout que tellement tout √©tait parfais, quartier tr√®s anim√© beaucoup de restaurant et caf√© de toutes categories, √† 5 mn √† pied des transports en commun: metro (qui m√®ne au marmaray) pour aller aux endroits les plus loins du c√¥t√© europ√©en, bateau pour aller √† √©minonu kabatas Besiktas karaokoy uskudar et les √Æles de princesses et m√™me √† Kassim basha et sultan eyub. s√©curit√© parfaite en rentrait tard parfois √† 4h du matin sans probl√®me √† recommander"
54251931,893249031841030187,2023-05-17,483174249,Maria Del Pilar,"Ha sido un placer alojarme en casa de Valeriya y Serdar.<br/>Serdar estuvo en comunicaci√≥n constante y nos esper√≥ a nuestra llegada y nos ayud√≥ a instalarnos. Siempre estuvo atento a cada necesidad y muy r√°pido en responder nuestras preguntas.<br/>Su lugar est√° convenientemente y c√©ntricamente ubicado. Caminamos hasta la Torre G√°lata. Puede encontrar mercados al otro lado de la calle ya poca distancia a pie de restaurantes. Cuenta con las necesidades b√°sicas para su estad√≠a. Han pensado en cada detalle: planchas, sombrillas, etc. Sentimos que la relaci√≥n precio vs. y el servicio prestado super√≥ las expectativas.<br/>Serdar es el caballero m√°s amable y dulce, nos sentimos afortunados de haberlo conocido, nos sentimos protegidos y cuidados. Lleg√≥ a esperar con nosotros para tomar el taxi al aeropuerto. Tambi√©n fue nuestro traductor e incluso negoci√≥ con el taxista (lol). Solo tenemos cosas buenas que decir sobre nuestra estancia.<br/>Mucha suerte a Serdar y Valeriya."
647524449563855416,1270117094745241996,2024-10-18,416991933,Federico,"This place is located in Beyoƒülu, one of the most active areas in Istanbul . Within a couple blocks you can find bars, restaurants and stores. The flat is very big, having four private rooms. Moving around is pretty easy because it has a metro station just around the corner. It‚Äôs perfect for doing tourism in the city because of all the transportation facilities it has. I‚Äôm definitely recommending and coming back to it."
39775635,709561732,2020-11-17,211611719,Kassem,"We stayed 5 nights, first of all Mr Kemal is very helpful and professional and always on the line with quick response, it's a lovely spacious apartment, well equipped, very clean, comfortable, charming view to Galata tower, we like the design, quiet street, perfect location, next to Galata tower, 2 minutes from the metro station (≈ûi≈ühane) , 3 minutes from the tramway station (karak√∂y)  2 minutes from the famous Istiklal street, 5 minutes from the ferry boat station (karak√∂y),lots of coffee shops, restaurants and touristic shops around the area with historical vibes, the best location ever in Galata area, heart of history, I highly recommend it."
3093528,641785270119394835,2022-06-04,339705578,Sabah,"This apartment was clean, spacious for a family of 4, had all the essentials you'd need and in very good location, walking distance to most touristic locations. Ozan is very friendly and responsive to all queries. I would recommend this place."
889905713822258503,951218781973862284,2023-08-05,321575586,Ashleigh,Amazing stay! Great location. Clean and had everything we needed. Little balcony was great to sit on. Emre was helpful and easy to communicate with. Thank you!
1088167575307262716,1220146644366710577,2024-08-10,547813137,Lou,Logement est impeccable ! <br/>Murat est arrangeant est tr√®s r√©actif ! <br/>Je recommande ce logement !
12688050,669780459,2020-10-01,18139606,Sarah,"Great location, really friendly welcome, very quiet in the apartment- a great night sleep!"
53624611,1179553360884973517,2024-06-15,36560672,Kashif,"Naomi and Ozgur were super hosts.  They always responded to any messages promptly and were always just worried that we were taken care of.  The home is an amazing place which is from 1890 that has been restored.  The location was in the Galata area, so in the middle of everything.  The house is on top of a steep hill, so for elderly or people with heart conditions you will need to plan on taking the Tunnel up as there is no way for you to walk it.  The hosts and the place were just amazing.  I needed a fan and they dropped one of the next day.  Internet is about 50Mbps down and 15Mbps up for people who work remotely.  Overall a great experience and will most definitely recommend this place."
876588992580104512,1132965289667369956,2024-04-12,131828909,Liliana,"These hosts are really nice and responsive, and the room is great! The location is a little inconvenient‚Äî a bit far from public transit‚Äî so as a woman traveling alone, I‚Äôm not sure if I‚Äôd book on this neighborhood again but that has nothing to do with the hosts and the room. Both were excellent"
845892859537488793,1191873490536295747,2024-07-02,352128504,Rasim,"It was a great stay, the owner was very interested, he helped us a lot. everything was perfect, the apartment was as seen in the photos, there were very clean and well-thought-out details, I felt like I was at home. I highly recommend this apartment"
955955713181490070,1275200416082799976,2024-10-25,394353577,Engin,Ev konum olarak merkezi bir lokalizasyonda.Temizlik konusunda gayet iyiydi.Fatih bey gayet yardƒ±msever √ß√∂z√ºm odaklƒ±.Biz 2 ki≈üi konakladƒ±k.4-5 ki≈üi konaklayabilir.<br/>Dezavantaj olarak apartmanda asans√∂r mevcut deƒüil ama zaten √º√ß√ºnc√º kat.Gece biraz ses olabiliyor.Bizi √ßok rahatsƒ±z etmedi
52647271,678717291258566450,2022-07-25,468825928,Farid,"Amazing people and place, thank you for everything‚ù§Ô∏è"
898357282469689591,1223781225246911513,2024-08-15,139524476,Daria,"Stunning apartment located in vibrant area well connected to any possible transportation, and very responsible host!"
31845058,1183957825722195835,2024-06-21,583963589,Fatmag√úL,Te≈üekk√ºrler!
726091936652120666,1000611428333348978,2023-10-12,449766878,Sergiy,"Great apartment, a lot of free space. Highly recommend!"
37422687,1304935170261503057,2024-12-05,405461090,Polina,Great apartment with awesome terrace that provides you wonderful view over the Bosphorus. Good location in the Moda which is our favourite place in Istanbul. The apartment has enough space to work and rest and amenities for cooking. The host was friendly and proactive.
723347726857979697,1194778177317346975,2024-07-06,235266917,Jadranka,"Good location, Merve was always available and ready to help, but for the money I expected more cleanliness and quality.<br/>There is a moldy smell, but this could be due to the weather and pressure in the area as well as unventilated bathroom. Opening the toilet window during nights helps but needs better maintenance and cleaning for sure."
5650577,113488159,2016-11-13,22990258,George,"Œ†ŒøŒªœÖ ŒøŒºŒøœÅœÜŒø, Œ∂ŒµœÉœÑŒø Œ∫Œ±Œπ Œ∫Œ±ŒªŒøŒ¥ŒπŒ±œÑŒ∑œÅŒ∑ŒºŒµŒΩŒø Œ¥ŒπŒ±ŒºŒµœÅŒπœÉŒºŒ± ŒµœÜŒøŒ¥ŒπŒ±œÉŒºŒµŒΩŒø ŒºŒµ ŒøŒªŒµœÇ œÑŒπœÇ œÄŒ±œÅŒøœáŒµœÇ Œ≥ŒπŒ± ŒºŒπŒ± ŒøŒºŒøœÅœÜŒ∑ Œ¥ŒπŒ±ŒºŒøŒΩŒ∑. Œ£Œµ œÑŒøœÄŒøŒ∏ŒµœÉŒπŒ± œÄŒøœÖ œÉœÖŒΩŒ¥œÖŒ¨Œ∂ŒµŒπ œÑŒ∑ŒΩ Œ∑œÅŒµŒºŒπŒ± œÑŒ∑œÇ Œ≥ŒµŒπœÑŒøŒΩŒπŒ±œÇ, Œ∫Œ±Œπ œÑŒ±œÖœÑŒøœáœÅŒøŒΩŒ± Œ¥ŒπœÄŒªŒ± œÉœÑŒø Œ±œÉœÑŒπŒ∫Œø Œ∫ŒµŒΩœÑœÅŒø œÑŒ∑œÇ œÄŒµœÅŒπŒøœáŒ∑œÇ.<br/><br/>Very beautiful, warm and well-preserved apartment equipped with all facilities for a nice stay. In a location that combines the tranquillity of the neighbourhood, and at the same time next to the urban centre of the region.<br/>"
51449118,551918968069465123,2022-01-31,40811189,Aleksandra,"Amazing apartment in the great location. Very clean, looks exactly like the pictures. Walkable distance to touristic attractions. Lots of charming restaurants and shops around. Hosts are very welcoming, easy check in and check out process, always very helpful and ready to answer any questions. Highly recommend!"
731758433189915880,1023699251134706832,2023-11-13,92868381,Dan Cristian,"I would recommend some repairs and a full clean-up before renting this place again. The flat is ok and it has good taste, no comment there, but it's 'trashy'. If you are into cracked floors, washing your white socks every 5 minutes, dirt almost everywhere and spider webs, then this is your place. I'm sure it has its vibe and some people are ok with it, but pictures don't reflect the reality. Please repair the broken shower, invest more in the mattress and the quality of the pillows and sheets, fix the lightbulbs, get a better router (with more power and coverage) (couldn't use wi-fi from the bedroom). I get the idea of an open shower in the bedroom (which works mostly for couples), but venting the steam in the entire house is not ok. I had high hopes from the pictures but was a bit disappointed when I got there, and that's because the please looks cool and has great potential, don't let it go to waste. Location is also great, though I wouldn't recommend it for women traveling alone."
27399627,413779110,2019-02-18,196494483,Chris,Host is very kind in helping you find your way around the city
6665843,47727038,2015-09-21,27073971,Christy,"The apartment is as described and Hikmet was a wonderful host! Check in was easy and he even gave us some fresh fruit as a welcome and later prepared us a delicious Tirkish breakfast. He also arranged an airport transfer for us early in the morning and was always available to answer questions and help. The location is great, wifi and AC work well. Overall no complaints! I recommend staying here!"
52199157,1197706334775802525,2024-07-10,572396899,Furkan,Te≈üekk√ºrler
50871528,625893806942609685,2022-05-13,455335207,Asel,"The location was perfect - close to the waterfront, Galata tower, tons of restaurants, and all types of transportation. Eyp and the teams were very responsive and swiftly helped with all of our questions/ requests."
541229140538290059,919384133512536546,2023-06-22,476923153,Semih,"Awesome place and location, I enjoyed my stay. Thanks to the host being helpful and responsive!"
560718834025539343,605589604382668606,2022-04-15,4637920,Vadim,Great host! Very attentive and helpful
1089928286710590892,1267238906251109985,2024-10-14,97223153,Anna,"The appartment is simple and clean. The location is great - very close to Kabatas (tram, ferry), but it's in small street so it was quiet. The process of accomodation was well explained and without any complications. The host responded to any question we had immediately. Good value for the money, would definitely stay there again."
49123256,875843046002690435,2023-04-23,437021279,Bora,"Son derece sessiz sakin g√ºzel bir ev, d√ºzenli tertipliydi, ev sahibi misafirperverdi. Balkondan deniz g√∂r√ºn√ºyor ve oturmasƒ± keyifliydi a√ßƒ±k√ßasƒ±. Temizlik konusunda standarttƒ± diyebilirim her yerde olduƒüu gibi ortalamaydƒ±."
667385566992116127,1009916485149468957,2023-10-25,334967492,Jo,"We had a great few days in Istanbul. D√∂ne's place is really well located, perfect for a family - plenty of space and 2 bathrooms. Its abiut 10 minutes walk to the Blue Mosque, Hippodrome etc. There are some good restaurants in easy walking distance. Taking a left turn out of the apartment and going down hill you'll find restaurants and a little supermarket.  There are other restaurants going up hill as well. The tram is close by to get to other parts of Istanbul. All in all a great location. D√∂ne was very helpful and responded quickly to questions etc. She orgsnised taxis for us and although we didn't need help with anything whilst there i got the impression that she would help if asked. We would stay there again!"
939236694315697523,970808359396848735,2023-09-01,59741604,Nilgun,"The location was absolutely perfect. In the heart of Kadikoy close to shops, markets, restaurants, cafes, bars and buzzing night life.Everything is on the doorstep including great breakfast places. In the meantime the apartment was overlooking to a green garden and very tranquil with a view. Being on a pedestrianised street made it very quite and peaceful. <br/>Within 5 minutes walking distance we manage to get all the transport, Metro, ferry, bus and taxis. Ferry takes you to European side of the city and makes a very enjoyable trip.<br/>The apartment was very clean and<br/>spacious with well equipped kitchen and nice bathroom. Having a washing machine, a dishwasher and study desk was helpful. Air conditioning was available but as the house was well aired and cool even in the middle of summer we did not need to use the AC.<br/>Our host was very helpful, prompt and easy to communicate and loaded us with lots of local information and entertainment tips. <br/>We would go back and highly recommend."
41021410,719017838,2020-12-28,3177512,Grigory,–£—é—Ç–Ω–∞—è –¥–≤—É—Ö—ç—Ç–∞–∂–Ω–∞—è –∫–≤–∞—Ä—Ç–∏—Ä–∞ —Å –¥–≤—É–º—è —Ç–µ—Ä—Ä–∞—Å–∞–º–∏ —Å —à–∏–∫–∞—Ä–Ω—ã–º–∏ –≤–∏–¥–∞–º–∏. –†–∞—Å–ø–æ–ª–æ–∂–µ–Ω–∞ –≤ —Ç–∏—Ö–æ–π —á–∞—Å—Ç–∏ –∏—Å—Ç–æ—Ä–∏—á–µ—Å–∫–æ–≥–æ —Ü–µ–Ω—Ç—Ä–∞ –°—Ç–∞–º–±—É–ª–∞. –ü–æ–¥—Ö–æ–¥–∏—Ç –¥–ª—è  –ø—Ä–æ–∂–∏–≤–∞–Ω–∏—è 3-4 —á–µ–ª–æ–≤–µ–∫. –ê–ª–∏ –∏ –µ–≥–æ –±—Ä–∞—Ç - –æ—á–µ–Ω—å –¥–æ–±—Ä–æ–∂–µ–ª–∞—Ç–µ–ª—å–Ω—ã–µ —Ö–æ–∑—è–µ–≤–∞. –í—Å–µ–≥–¥–∞ –±—ã–ª–∏ –Ω–∞ —Å–≤—è–∑–∏ –∏ –ø–æ–º–æ–≥–∞–ª–∏ —Å–æ–≤–µ—Ç–∞–º–∏ –≤ —Å–ª—É—á–∞–µ –Ω–µ–æ–±—Ö–æ–¥–∏–º–æ—Å—Ç–∏.
674374528728324312,1234696163270378264,2024-08-30,45897139,Sympa74,Nous avons √©t√© bien re√ßu.  L appartement est bien situ√©  proche du m√©tro.  les restaurants sont situ√©s  dans les rues parall√®le   √† l immeuble. On ne le sait pas le premier jour. Salle de sport piscine int√©rieur et ext√©rieur.  personnrl de l immeuble tr√®s sociable et agr√©able. Bonne r√©activit√© de notre hote.
545566758181747184,949821408110300350,2023-08-03,119356495,Niki,Mustafa‚Äôs place is very close to both the metro station and ferry terminal. The view is spectacular and he provided great amenities. Mustafa also communicated very well throughout my stay.
909951188568422494,912130434993291780,2023-06-12,403037242,Karan,bu guvenli g√ºzel konaklama sagladigi icin icten te≈üekk√ºrlerimi kesinlikle iletmek isterim insan canlisi ve cok iyi bir insan yardim sever siddetle herkese tavsiye ederim hersey g√∂nl√ºnce olmasini diliyorum konum harika t√ºm ulasima y√ºr√ºme mesafesinde ve gayet temizdi tekrar kalmak isterim
25661877,967162036265070387,2023-08-27,533441847,Mert,The wi-fi was very slow and phone signal was very weak in the room but other than that not much to complain about.
4390796,427817603,2019-03-24,6523915,C√©sar,"Alll good! Location, cleanliness, friendly staff"
763059244727097267,951992639591531705,2023-08-06,430760274,Gokhan,It was a great trip thank you.
44186866,1002755483890156095,2023-10-15,139450324,Yiƒüitcan,Konum olarak ger√ßekten √ßok iyidi.
47372967,740493603,2021-03-20,23212348,Ali,Temiz ve sƒ±cak bir ortam .Hi√ßbir sorunla kar≈üƒ±la≈ümadƒ±m.Tavsiye ederim.Fiyatƒ±na g√∂re √ßok iyi
658683119493056984,758497830764182697,2022-11-12,71717986,Nataliya,"Rasim is a great host. He made his best to help with our needs even before we arrived. We felt super comfortable and welcomed.. The communication was fast, clear, very helpful. The apartment is on the third floor in the quiet street next to famous Galata Tower. It is very clean, nicely decorated in every room. The beds are very comfortable. There are necessary kitchen appliances for making breakfast and cooking if needed.  It‚Äôs very easy to get to all sightseeings from the apartment, T1 tram stop is 6 min away down the hill. Taxis are always around in this area. Plenty of good restaurants and cafes nearby. Perfect wifi connection. We had a wonderful stay at this apartment! Great job, Rasim!"
29816349,561933079,2019-11-10,308163292,Batuhan,Gayet temiz ve g√ºvenilir tavsiye ederim
1205208398021730530,1231748006050406426,2024-08-26,544135603,Alper,Ma≈üallah Bey olduk√ßa ilgili bir ev sahibi. gelmeden √∂nce ev hakkƒ±nda detaylƒ± bilgileri verdi ekstradan bir sorunla kar≈üƒ±la≈ümamƒ±z durumunda s√ºrekli destek olabileceƒüini s√∂yledi. Ev beklediƒüimde √ßok daha temizdi.
607823869190427185,1012892560571035359,2023-10-29,423542049,–ú–∞–ª–∏–∫–∞,üëç
1109185011986336940,1291901294544144814,2024-11-17,661788462,Anna,"–ö–≤–∞—Ä—Ç–∏—Ä–∞ –ø—Ä–µ–∫—Ä–∞—Å–Ω–∞—è, –ø—Ä–∏ –ø—Ä–∏–±—ã—Ç–∏–∏ –º—ã –æ–±–Ω–∞—Ä—É–∂–∏–ª–∏ —á—Ç–æ –≤–æ–¥–∞ –≤ –¥—É—à–µ –Ω–µ —É—Ö–æ–¥–∏—Ç, –Ω–µ –±—ã–ª–æ –≤–æ–¥—ã, —Ç—É–∞–ª–µ—Ç–Ω–æ–π –±—É–º–∞–≥–∏ –∏ –±–∞—Ç–∞—Ä–µ–∏ –±—ã–ª–∏ –≤—ã–∫–ª—é—á–µ–Ω—ã, –Ω–æ –≤–µ—á–µ—Ä–æ–º –≤—Å–µ –±—ã–ª–æ —É–∂–µ –∏—Å–ø—Ä–∞–≤–ª–µ–Ω–æ<br/>–Ω–∞ 3 –¥–µ–Ω—å –Ω–∞—à–µ–≥–æ –ø—Ä–æ–∂–∏–≤–∞–Ω–∏—è —Ö–æ–∑—è–∏–Ω –ø–æ–ø—Ä–æ—Å–∏–ª –Ω–∞—Å –ø–æ–∫–∞–∑–∞—Ç—å –∫–≤–∞—Ä—Ç–∏—Ä—É –¥—Ä—É–≥–∏–º –ª—é–¥—è–º, –Ω–∞ —á—Ç–æ —è –æ—Ç–∫–∞–∑–∞–ª–∞. –û–Ω –Ω–∞—á–∞–ª —Å–µ—Ä–¥–∏—Ç—å—Å—è –∏ –≤–æ–∑–º—É—â–∞—Ç—å—Å—è, –ø–æ—Ç–æ–º—É —á—Ç–æ —ç—Ç–æ –µ–≥–æ –∫–≤–∞—Ä—Ç–∏—Ä–∞ –∏ —Å–æ–æ—Ç–≤–µ—Ç—Å—Ç–≤–µ–Ω–Ω–æ –µ–≥–æ —É—Å–ª–æ–≤–∏—è –¥–æ–ª–∂–Ω—ã –±—ã—Ç—å –∏ –æ–Ω –º–æ–∂–µ—Ç –∑–∞—Ö–æ–¥–∏—Ç—å –∫–æ–≥–¥–∞ –∑–∞—Ö–æ—á–µ—Ç –≤ –°–í–û–Æ –∫–≤–∞—Ä—Ç–∏—Ä—É. –¢–∞–∫ –∫–∞–∫ –º–µ–Ω—è –Ω–µ –±—ã–ª–æ –¥–æ–º–∞ –æ–Ω –ø—Ä–µ–¥–ª–æ–∂–∏–ª –ø—Ä–∏–π—Ç–∏ —Å –≥–æ—Å—Ç—è–º–∏ –∫–æ–≥–¥–∞ —è –ø—Ä–∏–¥—É –∏ –ø–æ–∫–∞–∑–∞—Ç—å –≥–æ—Å—Ç—è–º –ø—Ä–∏ –º–Ω–µ, –Ω–æ –º–æ–π –æ—Ç–≤–µ—Ç –±—ã–ª –æ—Ç—Ä–∏—Ü–∞—Ç–µ–ª—å–Ω—ã–º. –¢–∫ —è –Ω–µ —Å–æ–±–∏—Ä–∞—é—Å—å —É—Å—Ç—Ä–∞–∏–≤–∞—Ç—å –ø–æ–∫–∞–∑—ã –∏ –Ω–µ —Ö–æ—á—É –≤–ø—É—Å–∫–∞—Ç—å –Ω–µ–∑–Ω–∞–∫–æ–º—ã—Ö –ª—é–¥–µ–π –≤–æ –≤—Ä–µ–º—è –º–æ–µ–≥–æ –ø—Ä–æ–∂–∏–≤–∞–Ω–∏—è (5 –¥–Ω–µ–π) –∏ –ø–æ–ø—Ä–æ—Å–∏–ª–∞ —É—Å—Ç—Ä–æ–∏—Ç—å —ç—Ç–æ –º–µ—Ä–æ–ø—Ä–∏—è—Ç–∏–µ –ø–æ—Å–ª–µ –º–æ–µ–≥–æ –æ—Ç—ä–µ–∑–¥–∞. –í –æ—Ç–≤–µ—Ç —è —É—Å–ª—ã—à–∞–ª–∞ –º–Ω–æ–≥–æ –Ω–µ–≥–∞—Ç–∏–≤–∞, –∫–∞–∫–æ–π —è –ø–ª–æ—Ö–æ–π —á–µ–ª–æ–≤–µ–∫ –∏ —Ç–¥ –ò —Ö–æ–∑—è–∏–Ω –æ—Ç–ø—Ä–∞–≤–∏–ª –∑–∞—è–≤–ª–µ–Ω–∏–µ –Ω–∞ —Ä–∞–Ω–Ω–∏–π –≤—ã–µ–∑–¥, —Ç–∞–∫ –∫–∞–∫ –Ω–µ —Ö–æ—á–µ—Ç —á—Ç–æ–±—ã —è –ø—Ä–æ–∂–∏–≤–∞–ª–∞ –≤ —ç—Ç–æ–π –∫–≤–∞—Ä—Ç–∏—Ä–µ. (–Ø –æ—Å—Ç–∞–Ω–∞–≤–ª–∏–≤–∞–ª–∞—Å—å —Å —Å–µ—Å—Ç—Ä–æ–π –∏ –º–∞–º–æ–π) –ø—Ä–∏ —Ç–æ–º –ø—Ä–∞–≤–∏–ª –º—ã –Ω–µ –Ω–∞—Ä—É—à–∞–ª–∏. –û–Ω —Ö–æ—Ç–µ–ª —Ç–∞–∫–∂–µ –∑–∞–π—Ç–∏, –≤ –∫–≤–∞—Ä—Ç–∏—Ä—É, —Ç–∫ —É –Ω–µ–≥–æ –µ—Å—Ç—å –∫–ª—é—á–∏."
40833894,484540059755121632,2021-10-30,12266497,Vitalii,"–î–æ–±—Ä–æ–∂–µ–ª–∞—Ç–µ–ª—å–Ω—ã–π, –æ—Ç–∑—ã–≤—á–∏–≤—ã–π."
991239241709627359,1116475865517991287,2024-03-20,54302507,Kun,Âú®ËÄÅÂüéÔºåÂèØ‰ª•ÊÑüÂèóÊú¨Âú∞‰∫∫ÁöÑÁîüÊ¥ªÔºåÊúâ‰∫õÊÑèÂ§ßÂà©napoliÁöÑÂë≥ÈÅì„ÄÇ<br/>‰∫§ÈÄöËøò‰æøÂà©ÔºåÂ∞±ÊòØÈúÄË¶ÅËµ∞‰∏ÄÊÆµÊñúÂù°„ÄÇ<br/>Êàø‰∏úÁÉ≠ÊÉÖ‰ºöÂæ∑ËØ≠ Ëã±ËØ≠Âíå‰øÑËØ≠ÔºåÊõæÁªèÂú®ÁëûÂ£´Â∑•‰ΩúËøá„ÄÇ<br/>ÊàøÈó¥ËøòÂπ≤ÂáÄÔºåÂè™ÊòØÊúâ‰∫õÂÆ∂ÂÖ∑ÁöÑÈó®Â∑≤ÁªèÂùè‰∫Ü„ÄÇ
48898923,962829991588615351,2023-08-21,87547188,Ali,Merci pour votre accueil
561487483401664815,668646250997375299,2022-07-11,62983811,Rizwan Ahmad,"Vi har haft lejet denne vidunderligere villalejelighed med beliggenhed i et b√∏rnevenlig omr√•de, og med udsigt til havet. Jeg vil tillade at betegne lejeligheden som penthouse lejlighed, for den havde alt hvad en penthouse lejelighed har, stor dejlig terresse. Omgivelserne er helt perfekt for alle aldersgrupper. Der er en f√¶lles pool som vi alle fik brugt flittigt. Tak til Ceyda og hendes mand som j√¶vnligt fulgte op p√• vores ophold. Helt perfekt host. Kan varmt anbefale.  üëçüèª"
3517150,567272193,2019-11-22,53824379,Kari,The apartment fullfilled our expectations and the view was really wonderful!
34929597,554963349,2019-10-27,24737596,Michael,"These guys were amazing. Even after getting in after 9pm Velat (I hope I spelled that right) offered us tea and cookies and sat with us and explained everything. They have a great breakdown of the hotel itself as well as a book of local spots to go too. The amazing place speaks for itself and Yusuf and Velat push it over the edge for an excellent place to stay with their amazing hospitality. The restaurant downstairs was also THE best meal we had while in Istanbul so, it's got that too haha. Walk to everything, cleaned every day, yeah, 5-stars all around. Great spot, would recommend, and will definitely stay again!"
836319739950179862,1282515822913796036,2024-11-04,174665021,Walter,Great place with beautiful views. Very close to great restaurants and attractions. Would definitely love to come back.
1249207280197646680,1286793715253978175,2024-11-10,485207148,Batuhan,It was a nice apartment with a beautiful view. I recommend it.
50522645,962140231261377503,2023-08-20,518552082,Mehmet Akif,her ≈üey m√ºkemmeldi ilgi ve alakalƒ±ydƒ± ev sahibi memnun kaldƒ±k
625393029328670022,1142076873218397085,2024-04-24,462881627,Ievgen,"–ö–≤–∞—Ä—Ç–∏—Ä–∞ –Ω–µ —Å–æ–æ—Ç–≤–µ—Ç—Å—Ç–≤—É–µ—Ç –æ–ø—É–±–ª–∏–∫–æ–≤–∞–Ω–Ω—ã–º —Ñ–æ—Ç–æ–≥—Ä–∞—Ñ–∏—è–º, –Ω–∞ —Ñ–æ—Ç–æ –æ–Ω–∞ –≤—ã–≥–ª—è–¥–∏—Ç –∫–∞–∫ —Å–æ–≤—Ä–µ–º–µ–Ω–Ω–∞—è —É—é—Ç–Ω–∞—è –∫–≤–∞—Ä—Ç–∏—Ä–∞, –≤–æ–∑–º–æ–∂–Ω–æ –∫–æ–≥–¥–∞ —Ç–æ –æ–Ω–∞ —Ç–∞–∫–æ–π –∏ –±—ã–ª–∞, –Ω–æ –Ω–∞ –º–æ–º–µ–Ω—Ç –º–æ–µ–≥–æ –ø—Ä–∏–µ–∑–¥–∞ –∫–≤–∞—Ä—Ç–∏—Ä–∞ –±—ã–ª–∞ –≤ –ø–ª–æ—Ö–æ–º —Å–æ—Å—Ç–æ—è–Ω–∏–∏ (–¥–∏–≤–∞–Ω, –∫—Ä–æ–≤–∞—Ç—å –∏ –ø–æ–¥—É—à–∫–∏ –±—ã–ª–∏ –≤ –∑–∞—Å–∞–ª–µ–Ω–Ω—ã—Ö –ø—è—Ç–Ω–∞—Ö) –∫–æ–≤—Ä–∞–ª–∏–Ω, –∫–æ—Ç–æ—Ä—ã–π –±—ã–ª –≤–æ –≤—Å–µ–π –∫–≤–∞—Ä—Ç–∏—Ä–µ - –æ—á–µ–Ω—å –≥—Ä—è–∑–Ω—ã–π –∏ —Ç–∞–∫ –∂–µ –≤ –ø—è—Ç–Ω–∞—Ö. –¢–∞–∫ –∂–µ –∫–≤–∞—Ä—Ç–∏—Ä–∞ –≤—Å—è –ø—Ä–æ–∫—É—Ä–µ–Ω–∞ –≤—Å–µ –≤–µ—â–∏ –≤–æ–Ω—è—é—Ç –∑–∞–ø–∞—Ö–æ–º —Å–∏–≥–∞—Ä–µ—Ç. –£–¥–∏–≤–∏—Ç–µ–ª—å–Ω–æ —á—Ç–æ –±–æ–ª—å—à–æ–µ –∫–æ–ª–∏—á–µ—Å—Ç–≤–æ –ª—é–¥–µ–π –≤ –æ—Ç–∑—ã–≤–∞—Ö —ç—Ç–æ–π –∫–≤–∞—Ä—Ç–∏—Ä—ã –ø–∏—à—É—Ç —á—Ç–æ –∏–º –≤—Å–µ –ø–æ–Ω—Ä–∞–≤–∏–ª–æ—Å—å. –í–æ–∑–º–æ–∂–Ω–æ –∫–æ–º—É-—Ç–æ –º–æ–∏ –æ—Ç–∑—ã–≤ –±—É–¥–µ—Ç –ø–æ–ª–µ–∑–µ–Ω. <br/>–°–ø–∞—Å–∏–±–æ –∫–æ–º–∞–Ω–¥–µ Airbnb –∑–∞ –æ–ø–µ—Ä–∞—Ç–∏–≤–Ω—É—é –ø–æ–¥–¥–µ—Ä–∂–∫—É –∏ –æ—Ç–≤–µ—Ç—ã!"
53934625,833145784894554357,2023-02-23,500926763,Hadi,"Mr tolga is an outstanding host, speaks English well, was very welcoming, gave us extra utilities like coffee, towels, shampoo, also a 2L water bottle. Not to mention his quick and fast response, if you need anything from him he will be there in 4 minutes. You can ask him for any information about Istanbul and he will sort you out. The only small issue is the apartment is located on ground floor so you night hear some noise of people passing by but nonetheless everything else was on point."
910716809879585889,1058478800111700332,2023-12-31,468021990,Samy,Geen warm water en de plek was niet goed schoongemaakt ü§°
23538153,671522678065966426,2022-07-15,40931451,Gael,"The apartment is very nice and comfortable! Location is very convenient. Umut was very helpful and friendly, he‚Äôs great host!"
750291,3729774,2013-03-09,4795577,Masha,"Apartment is good, the place is great (just in 10-15 min of walk to Istiklyal and 30-40 to Sultanahmet). Safak is a really nice person, she gave us lots of good advices and quickly responded to all requests.<br/>P.S. Neighbors are also great) "
51389157,1291958934102185602,2024-11-17,254489246,AnoosHiravan,"The place is lovely, traditional and fully renovated , like many historical places of istanbul , this house was one of a kind<br/>I really enjoyed staying there , and recommend everyone this place <br/>Thanks Eyup"
46127736,452654906089108096,2021-09-16,376235128,√ârika,"¬°M√°s que recomendable! <br/>El lugar tiene una ubicaci√≥n inmejorable ya que puedes caminar a las principales atracciones tur√≠sticas sin necesidad de utilizar el transporte p√∫blico. En caso de querer/necesitar usarlo, est√° a tan solo unos metros, ¬°por lo que genial!.<br/>La zona tiene restaurantes, supermercados, cajeros autom√°ticos, puntos de informaci√≥n tur√≠stica y diferentes tipos de comercios a tan solo unos pasos. Sin embargo, puedes descansar sin problemas.<br/>El hostal est√° m√°s que limpio, las instalaciones cuidadas y tiene m√°s de lo necesario para tener una estancia satisfactoria, pero, sin duda alguna lo mejor de todo....es el staff!! Profesionalmente, es un placer saber que ellos siempre est√°n dispuestos a ayudarte a hacer una reserva, recomendarte aquello que m√°s se adapta a tus gustos, mediar entre los locales y t√∫....¬°un placer y muy sencillo todo!.  Poder charlar con ellos y conocer de primera mano rasgos de la cultura, gastronom√≠a, historia ha sido lo que ha marcado la diferencia en mi estancia."
42366447,744240939,2021-04-01,386740247,Ersin,Kesinlikle tavsiye ederim konum ve daire √ßok g√ºzel. Ev sahipleri √ßok ilgili davranƒ±yorlar tekrar konaklamaya d√º≈ü√ºn√ºyorum.
630052474658170855,752679673254878688,2022-11-04,469620872,Yara,ÿ¥ŸÇÿ© ŸÖŸÖÿ™ÿßÿ≤ÿ© ÿ¨ÿØÿß <br/>ŸÜŸÅÿ≥ ÿßŸÑÿµŸàÿ± ÿßŸÑŸÖŸàÿ¨ŸàÿØÿ© ÿ®ÿßŸÑŸÖŸàŸÇÿπ <br/>ŸäŸàÿ¨ÿØ ŸÅŸäŸáÿß ÿ∫ÿ≥ÿßŸÑÿ© ŸàÿßÿØŸàÿßÿ™ ÿßŸÑŸÜÿ∏ÿßŸÅÿ© <br/>ÿµŸàÿ™ ÿßŸÑÿ¥ÿßÿ±ÿπ ŸÖÿ≤ÿπÿ¨ ŸÜŸàÿπÿß ŸÖÿß <br/>ŸäŸàÿ¨ÿØ ŸÖŸÉŸäŸÅ Ÿàÿßÿ≠ÿØ ŸÅŸä ÿßŸÑÿµÿßŸÑÿ©
825315542331121385,888916194961403548,2023-05-11,411366530,Lissy,"Eine saubere, sch√∂ne Wohnung, die den Bildern & Angaben entspricht. Freundliche Gastgeber, die schnell auf R√ºckfragen reagieren. Wir waren sehr zufrieden ‚òÄÔ∏è"
836925833791173132,1043272789485892704,2023-12-10,530824741,Sevval,Ev fotograflarda gorundugu gibiydi ve tertemizdi Murat Bey de cok ilgili davrandi
54395940,661395302356495847,2022-07-01,365084400,Aruzhan,It wasn‚Äôt bad. But so far from all fast transport as a metro and metrobus. And also I didn‚Äôt see information about the floor of flat(it‚Äôs on a -2 floor). There was also bad smell and flat had a high humidity.
24643897,675068802185368666,2022-07-20,74505252,Kene,Great location. Literally Galata Tower - the key landmark of Istanbul is a 1 minute walk away and can be seen on the terrace of the building. Host was very responsive and will meet you same day of arrival to ensure the home meets your needs. Location well furnished. AC available. Quiet at night in the building. Despite the tourist dining activities at night.
983708539863575568,1017954348388988311,2023-11-05,482053479,Tarek,Thanks
679065477098899949,935316386509115726,2023-07-14,446005949,Revati,Absolutely loved staying at √ñzlem‚Äôs place. √ñzlem is very accommodating and helpful. The view from the apartment and the place itself was so great! The surroundings are lively and beautiful with shops all around. <br/>The bus stop is a minute away to take you to city centre. Definitely will visit again.
917191492846162514,952042739848289791,2023-08-06,86988839,Meshal,Evening is excellent
18727061,1219494488222576998,2024-08-09,22392361,Emre,"Huzurlu bir mahalle, ev sahibi ilgili ve yardƒ±mcƒ±. Ev fotoƒüraftaki gibi. √áok g√ºzel vakit ge√ßirdik."
16625848,319321589,2018-09-06,42101717,Yarriz,"Geweldige ervaring! Supervriendelijke Engelssprekende host die altijd voor ons klaar stond. Zeer behulpzaam en sympathiek. Het appartement was prachtig gemeubileerd, schoon en zeer centraal gelegen dichtbij de hoofdstraat in het centrum van Istanboel. Ik zou zeker terugkeren naar dit appartement. 5 sterren welverdiend!"
35899358,477369918,2019-06-28,257827389,Noman,Amazing place to live such a nice hospitality ;)
1476508,24880561,2015-01-03,24926781,Arip,"Very nice hosting during holiday in Istanbul. Very helpful. I remember that he contacted me at facebook and described good information by phone. You can find bus stop, small turkish restaurant, ATM, minimarket, and traditional market (on wednesday). And the most important: the heater helped me during winter season. Never switch off by landlord. "
52481252,1177443879136064894,2024-06-12,1891261,Konstantinos,Excellent host!
810178224585772975,892587228682476675,2023-05-16,509769167,Dilara,"Freundliche Gastgeber. Sehr hilfsbereit, Unterkunft war modern und sehr Zentral."
861678703164049413,1104914965856488009,2024-03-04,432479787,Mr.PQS,nice home really enough space lot of light and pretty quiet love it. I recommend
953689131784876224,1083926714327263842,2024-02-04,311701450,√áaƒüla,"Ev fotoƒüraflarda g√∂r√ºnd√ºƒü√º gibiydi ve temizdi. Konum olarak da g√ºzel bir yerde. Konaklamadan √ßok memnun kaldƒ±k. Burak bey de √ßok ilgili, konaklamamƒ±zda bize yardƒ±mcƒ± olduƒüu i√ßin kendisine te≈üekk√ºr ederim."
47286867,1038246679243386934,2023-12-03,115928067,Alexander,"A perfect place to stay.<br/>We were here with a group of 8 people and we loved the authenticity of this house. <br/>Easy walk to most popular locations, lots of restaurants and cafes nearby."
867415442718272478,1272357844170597321,2024-10-21,22578564,David,Tout s'est tr√®s bien pass√© dans la chambre d'h√¥tel propos√©e. Elle correspond √† la description et est accessible en deux minutes de la station de m√©tro Tophane
53256040,663583244803009203,2022-07-04,49692391,Niklas,nice apartment in an lovely area of istanbul
24221482,862111005745415397,2023-04-04,56992356,Gary,"A great apartment in Beyoglu. A great terrace view, very good location and very clean. Missy was quick to communicate and we would highly recommend."
38168303,722486461,2021-01-07,173251268,–ê–Ω–¥—Ä–µ–π,"–û—á–µ–Ω—å —Å—Ç–∏–ª—å–Ω—ã–π –∞—É—Ç–µ–Ω—Ç–∏—á–Ω—ã–π –∏–Ω—Ç–µ—Ä—å–µ—Ä –≤ —Å–∞–º–æ–º —Å–µ—Ä–¥—Ü–µ –°—Ç–∞–º–±—É–ª–∞. –í 2 –º–∏–Ω—É—Ç–∞—Ö –æ—Ç —É–ª–∏—Ü—ã –ò—Å—Ç–∏–∫–ª—è–ª—å. –†—è–¥–æ–º –º–∞–≥–∞–∑–∏–Ω—ã, —Ä–µ—Å—Ç–æ—Ä–∞–Ω—ã. –ê–ø–∞—Ä—Ç–∞–º–µ–Ω—Ç—ã —Ä–∞—Å–ø–æ–ª–æ–∂–µ–Ω—ã –≤ —Å—Ç–∞—Ä–∏–Ω–Ω–æ–º –æ—Å–æ–±–Ω—è–∫–µ.–ï—Å—Ç—å  —Å—Ç–∏—Ä–∞–ª—å–Ω–∞—è, —Å—É—à–∏–ª—å–Ω–∞—è, –ø–æ—Å—É–¥–æ–º–æ–µ—á–Ω–∞—è –º–∞—à–∏–Ω–∞. –í—Å–µ –æ—á–µ–Ω—å –ø–æ–Ω—Ä–∞–≤–∏–ª–æ—Å—å! –ï–¥–∏–Ω—Å—Ç–≤–µ–Ω–Ω—ã–π –º–∏–Ω—É—Å - –ø–æ—Å—É–¥–∞ –±—ã–ª–∞ –≥—Ä—è–∑–Ω–∞—è."
691006378124564373,1302827736522438653,2024-12-02,416400992,Anas,Very helpful host and great location to visit the center of Istanbul‚Ä¶ highly recommend
1182404415028461099,1302113175471613965,2024-12-01,538515477,√ñmer Baran,Kenan bey m√ºkemmel bir ev sahibi √ßok memnun kaldƒ±k ne zaman ƒ∞stanbul‚Äôa gelirsek Kenan beyden ba≈ükasƒ±yla muhatap olmayƒ±z herkese √∂neririm her≈üey beklediƒüimden daha g√ºzeldi
817093355954398367,1189028538958303825,2024-06-28,108030623,Maylis,"I had a fabulous stay with Okan and Bahar. The view is majestic, and the place itself is super welcoming and comfortable, perfect after a long day of sight-seeing!<br/>Istanbul is known to be a very 'dynamic' city, so I was a little concerned about the noise and agitation. Fear not! This place has it all: optimal location (it will take you less than 2 minutes to be on the Galata Tower forecourt) as well as peace and quiet.<br/>Communication with both hosts was great.<br/>I couldn't recommend this place with more enthusiasm."
5229195,86789579,2016-07-17,4787746,Sarah,"The apartment is great very clean well located. Melis and Fatih are very nice. We had some fresh fruits, snacks, water in the fridge when we get in. They are available any time for any questions and they speak a perfect english which is nice as not everyone speaks in Istanbul. I definitely recommend for 2 couples or 4 friends."
648203538824828093,1304286090822991981,2024-12-04,554513009,Serdar,konaklama m√ºkemmeldi ev sahibi √ßok ilgiliydi ada hakkƒ±nda bir √ßok bilgiye sahipti herkese tavsiye ederim
1023122711683647776,1056307065537236909,2023-12-28,526826854,Fatih,"Konum olarak gayet g√ºzel, Serpil hanƒ±m da gayet yardƒ±mcƒ± oldu."
612252890387088298,659853839794932259,2022-06-29,457293396,Ojeni Abudaram,"Mert has been exceedingly welcoming,helpful and and very hospitable."
665640107171404250,959955468585512595,2023-08-17,205637058,Saima,We had a wonderful stay here. The location is super convenient with Be≈üikta≈ü square a short walk away and the tram and ferry right outside. The place itself was outstanding- we couldn‚Äôt have asked for more. Tuna was incredibly welcoming and so helpful. Don‚Äôt think about it- just book it!
862075826474426768,1140427237123836971,2024-04-22,171322805,Munira,Great location and awesome host. Enes gave us good recommendations for the area. Definitely would recommend!
35537425,1002741369642545899,2023-10-15,428493578,Barƒ±≈ü,harika bir deneyimdi her ≈üey i√ßin te≈üekk√ºrler
